{
  "lang":"vi",
  "name":"pipeline",
  "version":"0.0.0",
  "spacy_version":">=3.5.4,<3.6.0",
  "description":"",
  "author":"",
  "email":"",
  "url":"",
  "license":"",
  "spacy_git_version":"7a2833bf2",
  "vectors":{
    "width":0,
    "vectors":0,
    "keys":0,
    "name":null,
    "mode":"default"
  },
  "labels":{
    "tok2vec":[

    ],
    "ner":[
      "ADDINFOR",
      "ADDRESS",
      "AWARD",
      "CERTIFICATE",
      "DATEOFBIRTH",
      "EDUCATION",
      "EMAIL",
      "EXP",
      "GENDER",
      "HOBBY",
      "JOB",
      "NAME",
      "PHONE",
      "SALARY",
      "SKILL",
      "WORKSPACE"
    ]
  },
  "pipeline":[
    "tok2vec",
    "ner"
  ],
  "components":[
    "tok2vec",
    "ner"
  ],
  "disabled":[

  ],
  "performance":{
    "ents_f":0.9284393979,
    "ents_p":0.9492440605,
    "ents_r":0.9085271318,
    "ents_per_type":{
      "NAME":{
        "p":0.9440789474,
        "r":0.905362776,
        "f":0.92431562
      },
      "JOB":{
        "p":0.959798995,
        "r":0.8681818182,
        "f":0.9116945107
      },
      "GENDER":{
        "p":1.0,
        "r":0.9235294118,
        "f":0.9602446483
      },
      "DATEOFBIRTH":{
        "p":0.9852941176,
        "r":1.0,
        "f":0.9925925926
      },
      "PHONE":{
        "p":1.0,
        "r":1.0,
        "f":1.0
      },
      "EMAIL":{
        "p":0.9956521739,
        "r":0.9786324786,
        "f":0.9870689655
      },
      "ADDRESS":{
        "p":0.9514563107,
        "r":0.8558951965,
        "f":0.9011494253
      },
      "SKILL":{
        "p":0.9260182876,
        "r":0.8940609952,
        "f":0.9097590853
      },
      "EXP":{
        "p":0.9527186761,
        "r":0.8935698448,
        "f":0.9221967963
      },
      "EDUCATION":{
        "p":0.9463414634,
        "r":0.9107981221,
        "f":0.9282296651
      },
      "HOBBY":{
        "p":0.9513888889,
        "r":0.8838709677,
        "f":0.9163879599
      },
      "CERTIFICATE":{
        "p":0.8151260504,
        "r":0.8434782609,
        "f":0.8290598291
      },
      "AWARD":{
        "p":1.0,
        "r":0.8387096774,
        "f":0.9122807018
      },
      "ADDINFOR":{
        "p":1.0,
        "r":0.8636363636,
        "f":0.9268292683
      },
      "SALARY":{
        "p":1.0,
        "r":0.8888888889,
        "f":0.9411764706
      },
      "WORKSPACE":{
        "p":1.0,
        "r":1.0,
        "f":1.0
      }
    },
    "tok2vec_loss":2414.9004391513,
    "ner_loss":803.0913960665
  }
}